{"cameraMode":{"drawMode":0,"name":"Shaded","section":"Shading Mode"},"sceneLighting":false,"audioPlay":false,"sceneViewState":{"showFog":true,"showMaterialUpdate":false,"showSkybox":true,"showFlares":true,"showImageEffects":true,"showParticleSystems":true},"in2DMode":false,"pivot":{"x":14.065896987915039,"y":1.4116077423095704,"z":7.4474663734436039},"rotation":{"x":-0.6054973006248474,"y":0.0035812801215797664,"z":-0.0027247562538832428,"w":-0.7958347201347351},"size":27.922353744506837,"orthographic":false}